date,precip_mm,temp_c,pet_mm,discharge_mm
2000-01-01,0.75,3.06,0.0,1.717
2000-01-02,0.03,1.78,0.0,1.42
2000-01-03,26.44,3.33,0.0,4.11
2000-01-04,0.0,5.07,0.0,3.523
2000-01-05,2.86,1.55,0.0,3.336
2000-01-06,1.39,1.54,0.0,3.338
2000-01-07,1.6,5.16,0.0,3.559
2000-01-08,0.72,3.54,0.0,1.699
2000-01-09,0.36,1.06,0.0,1.93
2000-01-10,3.29,3.09,0.0,1.76
2000-01-11,8.08,1.08,0.0,2.419
2000-01-12,3.57,1.08,0.0,2.452
2000-01-13,14.15,2.51,0.0,3.309
2000-01-14,1.66,-1.79,0.0,3.259
2000-01-15,8.15,-1.4,0.0,3.765
2000-01-16,0.02,0.94,0.0,3.257
2000-01-17,3.54,0.05,0.0,3.21
2000-01-18,0.4,2.73,0.0,2.313
2000-01-19,1.1,0.31,0.0,2.351
2000-01-20,0.12,-0.68,0.0,1.74
2000-01-21,8.26,5.11,0.0,2.391
2000-01-22,2.19,1.76,0.0,2.389
2000-01-23,8.66,2.37,0.0,2.827
2000-01-24,0.81,-0.58,0.0,2.629
2000-01-25,5.94,1.22,0.0,3.088
2000-01-26,5.66,2.57,0.0,2.766
2000-01-27,6.24,0.09,0.0,3.196
2000-01-28,0.8,3.19,0.0,2.712
2000-01-29,1.11,1.28,0.0,2.498
2000-01-30,1.08,1.95,0.0,2.277
2000-01-31,0.47,1.38,0.0,2.054
2000-02-01,2.52,6.34,0.0,1.829
2000-02-02,2.69,2.66,0.0,1.851
2000-02-03,1.03,0.63,0.0,2.006
2000-02-04,1.82,4.45,0.0,2.037
2000-02-05,0.01,0.42,0.0,1.965
2000-02-06,1.03,3.35,0.0,1.819
2000-02-07,2.3,-0.93,0.0,1.976
2000-02-08,2.56,0.4,0.0,2.129
2000-02-09,6.05,3.52,0.0,2.169
2000-02-10,2.98,4.68,0.0,2.334
2000-02-11,0.49,3.62,0.0,2.412
2000-02-12,0.05,3.12,0.0,2.192
2000-02-13,1.58,2.83,0.0,2.155
2000-02-14,0.63,0.55,0.0,1.918
2000-02-15,5.73,2.15,0.0,1.818
2000-02-16,0.73,2.75,0.0,2.155
2000-02-17,3.9,5.87,0.0,2.261
2000-02-18,0.3,4.53,0.0,2.136
2000-02-19,0.3,0.41,0.0,2.149
2000-02-20,3.77,4.67,0.0,2.036
2000-02-21,2.15,3.35,0.0,1.952
2000-02-22,17.07,2.86,0.0,3.065
2000-02-23,5.74,5.53,0.0,3.246
2000-02-24,0.03,6.47,0.0,3.27
2000-02-25,14.81,6.37,0.0,3.983
2000-02-26,6.08,2.93,0.0,4.022
2000-02-27,0.43,4.09,0.02,3.173
2000-02-28,2.51,5.47,0.05,2.905
2000-02-29,6.71,6.87,0.09,3.417
2000-03-01,0.88,4.07,0.13,2.284
2000-03-02,5.01,4.76,0.17,2.422
2000-03-03,6.1,3.03,0.22,2.712
2000-03-04,3.1,2.96,0.26,2.851
2000-03-05,2.6,7.09,0.3,2.608
2000-03-06,2.24,8.29,0.34,2.572
2000-03-07,4.08,5.55,0.39,2.516
2000-03-08,0.38,7.82,0.43,2.233
2000-03-09,0.01,6.65,0.47,1.969
2000-03-10,2.4,4.76,0.52,2.131
2000-03-11,0.43,6.89,0.56,1.901
2000-03-12,2.27,9.37,0.61,1.539
2000-03-13,3.37,6.34,0.66,1.971
2000-03-14,1.17,9.67,0.7,1.975
2000-03-15,3.32,1.42,0.75,1.97
2000-03-16,0.16,8.43,0.8,1.994
2000-03-17,3.76,7.09,0.84,2.218
2000-03-18,0.08,6.44,0.89,2.142
2000-03-19,0.3,7.35,0.94,1.989
2000-03-20,0.4,3.32,0.99,1.721
2000-03-21,0.06,6.99,1.04,1.822
2000-03-22,0.05,8.27,1.09,1.507
2000-03-23,0.41,10.65,1.13,1.504
2000-03-24,7.83,6.79,1.18,1.91
2000-03-25,1.71,6.34,1.23,1.928
2000-03-26,0.74,7.09,1.28,2.105
2000-03-27,1.87,10.06,1.33,2.269
2000-03-28,1.9,9.02,1.38,2.333
2000-03-29,0.25,7.43,1.44,1.847
2000-03-30,0.31,9.66,1.49,1.71
2000-03-31,0.09,8.96,1.54,1.826
2000-04-01,4.07,10.84,1.59,1.765
2000-04-02,2.78,7.63,1.64,2.028
2000-04-03,10.46,8.52,1.69,2.462
2000-04-04,28.22,8.53,1.74,4.162
2000-04-05,1.68,6.52,1.79,4.186
2000-04-06,1.56,10.18,1.85,4.132
2000-04-07,0.08,10.25,1.9,4.118
2000-04-08,0.14,9.87,1.95,3.452
2000-04-09,4.41,9.53,2.0,2.07
2000-04-10,0.02,7.31,2.05,1.925
2000-04-11,0.47,9.43,2.1,1.697
2000-04-12,0.07,9.73,2.15,1.774
2000-04-13,1.71,8.95,2.21,1.823
2000-04-14,0.91,10.37,2.26,1.824
2000-04-15,2.04,11.63,2.31,1.692
2000-04-16,9.27,14.73,2.36,2.429
2000-04-17,0.31,11.45,2.41,2.444
2000-04-18,0.12,11.75,2.46,2.442
2000-04-19,0.83,11.22,2.51,2.213
2000-04-20,6.47,7.67,2.56,2.591
2000-04-21,4.32,11.59,2.62,2.451
2000-04-22,0.06,11.9,2.67,2.146
2000-04-23,0.22,16.84,2.72,2.06
2000-04-24,0.69,11.66,2.77,2.018
2000-04-25,2.27,12.78,2.82,2.025
2000-04-26,0.14,12.24,2.87,1.514
2000-04-27,9.01,10.1,2.91,2.203
2000-04-28,1.95,14.86,2.96,2.387
2000-04-29,0.22,14.2,3.01,2.334
2000-04-30,0.01,14.41,3.06,2.222
2000-05-01,13.17,11.14,3.11,2.984
2000-05-02,0.56,15.89,3.16,2.582
2000-05-03,2.17,10.41,3.2,2.373
2000-05-04,1.99,14.51,3.25,2.506
2000-05-05,0.17,17.84,3.3,2.506
2000-05-06,3.83,11.6,3.34,2.106
2000-05-07,0.03,12.58,3.39,2.081
2000-05-08,0.03,14.03,3.44,1.908
2000-05-09,0.15,12.94,3.48,1.871
2000-05-10,2.57,10.97,3.53,1.779
2000-05-11,1.25,14.32,3.57,1.909
2000-05-12,4.33,12.18,3.61,2.152
2000-05-13,0.51,15.37,3.66,2.102
2000-05-14,1.32,12.69,3.7,2.277
2000-05-15,0.12,17.75,3.74,1.786
2000-05-16,0.96,13.19,3.78,1.882
2000-05-17,0.68,14.22,3.83,1.642
2000-05-18,4.49,16.6,3.87,2.026
2000-05-19,3.39,12.62,3.91,1.973
2000-05-20,0.82,15.64,3.95,2.196
2000-05-21,0.0,17.91,3.98,2.2
2000-05-22,3.21,12.18,4.02,2.284
2000-05-23,1.29,15.87,4.06,2.051
2000-05-24,0.0,16.12,4.1,1.72
2000-05-25,14.05,17.26,4.13,2.528
2000-05-26,11.01,13.32,4.17,3.399
2000-05-27,0.09,13.24,4.21,3.164
2000-05-28,0.92,17.02,4.24,3.06
2000-05-29,0.07,16.66,4.27,3.027
2000-05-30,0.14,16.66,4.31,2.031
2000-05-31,2.77,16.94,4.34,1.632
2000-06-01,0.65,14.97,4.37,1.964
2000-06-02,0.91,16.88,4.4,1.644
2000-06-03,5.95,17.08,4.43,2.144
2000-06-04,3.38,15.14,4.46,2.42
2000-06-05,2.2,20.38,4.49,2.16
2000-06-06,0.33,17.67,4.52,2.285
2000-06-07,0.01,14.42,4.55,2.306
2000-06-08,0.89,18.18,4.58,1.91
2000-06-09,1.93,14.99,4.6,2.108
2000-06-10,1.75,18.58,4.63,1.628
2000-06-11,0.03,19.39,4.65,1.882
2000-06-12,0.13,15.49,4.68,1.767
2000-06-13,1.06,19.12,4.7,1.871
2000-06-14,0.02,18.08,4.72,1.724
2000-06-15,2.36,18.96,4.74,1.643
2000-06-16,9.58,21.16,4.76,2.312
2000-06-17,0.54,16.93,4.78,2.128
2000-06-18,0.53,15.96,4.8,2.342
2000-06-19,1.86,15.74,4.82,2.422
2000-06-20,0.16,15.93,4.84,2.324
2000-06-21,1.83,17.45,4.85,1.901
2000-06-22,0.05,18.33,4.87,1.803
2000-06-23,0.39,18.24,4.88,1.772
2000-06-24,1.58,19.38,4.9,1.652
2000-06-25,0.21,17.79,4.91,1.672
2000-06-26,1.51,20.7,4.92,1.843
2000-06-27,1.68,17.29,4.93,1.966
2000-06-28,0.01,23.29,4.94,1.776
2000-06-29,3.21,19.13,4.95,1.902
2000-06-30,1.31,16.18,4.96,1.873
2000-07-01,3.4,15.78,4.97,2.194
2000-07-02,0.09,18.9,4.98,2.048
2000-07-03,6.83,17.51,4.98,2.585
2000-07-04,0.56,19.4,4.99,2.144
2000-07-05,0.74,18.93,4.99,2.159
2000-07-06,0.09,17.84,5.0,2.022
2000-07-07,5.03,16.3,5.0,2.36
2000-07-08,0.36,14.97,5.0,1.885
2000-07-09,4.3,17.11,5.0,2.044
2000-07-10,6.24,19.71,5.0,2.549
2000-07-11,2.55,18.42,5.0,2.681
2000-07-12,3.85,15.5,5.0,2.446
2000-07-13,2.8,18.33,4.99,2.82
2000-07-14,0.16,18.74,4.99,2.553
2000-07-15,13.89,16.19,4.99,2.908
2000-07-16,0.01,18.25,4.98,2.751
2000-07-17,0.1,18.05,4.97,2.573
2000-07-18,3.37,15.62,4.97,2.466
2000-07-19,0.93,18.6,4.96,2.601
2000-07-20,2.29,18.98,4.95,1.687
2000-07-21,1.3,20.0,4.94,2.067
2000-07-22,0.37,19.92,4.93,1.839
2000-07-23,1.91,15.02,4.92,2.058
2000-07-24,1.55,15.87,4.9,1.912
2000-07-25,0.13,18.74,4.89,1.794
2000-07-26,0.0,18.7,4.88,1.675
2000-07-27,2.23,18.66,4.86,1.82
2000-07-28,0.06,25.29,4.85,1.88
2000-07-29,3.08,18.68,4.83,1.581
2000-07-30,1.13,19.77,4.81,2.018
2000-07-31,1.43,19.35,4.79,2.01
2000-08-01,0.5,18.7,4.77,1.751
2000-08-02,2.59,16.71,4.75,1.916
2000-08-03,2.42,18.8,4.73,2.152
2000-08-04,0.44,15.68,4.71,1.848
2000-08-05,0.39,16.69,4.69,1.765
2000-08-06,0.75,16.13,4.66,2.009
2000-08-07,4.93,17.2,4.64,2.07
2000-08-08,0.59,21.6,4.62,1.832
2000-08-09,1.46,13.17,4.59,2.009
2000-08-10,3.04,18.21,4.56,2.044
2000-08-11,1.3,13.54,4.54,2.289
2000-08-12,1.61,15.74,4.51,2.086
2000-08-13,1.27,18.79,4.48,2.074
2000-08-14,1.18,16.66,4.45,2.04
2000-08-15,1.86,14.3,4.42,2.109
2000-08-16,0.32,14.94,4.39,1.874
2000-08-17,0.03,17.64,4.36,1.661
2000-08-18,2.96,14.74,4.32,1.926
2000-08-19,3.02,16.54,4.29,2.2
2000-08-20,0.45,16.11,4.26,1.805
2000-08-21,0.05,14.63,4.22,1.854
2000-08-22,1.39,20.12,4.19,2.014
2000-08-23,1.66,17.01,4.15,1.889
2000-08-24,1.62,11.59,4.12,1.712
2000-08-25,0.08,15.92,4.08,1.9
2000-08-26,3.97,14.12,4.04,2.255
2000-08-27,1.28,17.05,4.0,2.036
2000-08-28,0.18,13.66,3.97,1.837
2000-08-29,0.01,14.91,3.93,1.676
2000-08-30,0.35,16.04,3.89,1.873
2000-08-31,0.4,16.65,3.85,1.744
2000-09-01,0.32,12.41,3.8,1.623
2000-09-02,4.89,14.03,3.76,1.858
2000-09-03,0.19,13.64,3.72,1.81
2000-09-04,0.84,13.17,3.68,1.789
2000-09-05,0.11,17.89,3.64,1.964
2000-09-06,2.47,15.06,3.59,2.101
2000-09-07,0.78,11.61,3.55,1.609
2000-09-08,2.93,15.85,3.5,2.087
2000-09-09,1.56,18.13,3.46,2.028
2000-09-10,2.78,15.83,3.41,2.271
2000-09-11,0.03,10.61,3.37,1.851
2000-09-12,0.34,12.56,3.32,1.822
2000-09-13,6.37,15.93,3.28,2.15
2000-09-14,0.37,11.86,3.23,2.144
2000-09-15,0.86,14.04,3.18,2.158
2000-09-16,0.03,14.57,3.13,2.049
2000-09-17,0.01,11.04,3.09,1.934
2000-09-18,6.53,12.65,3.04,1.865
2000-09-19,1.21,6.15,2.99,2.141
2000-09-20,0.57,10.46,2.94,1.905
2000-09-21,0.01,11.87,2.89,2.163
2000-09-22,11.29,9.75,2.84,2.648
2000-09-23,0.79,15.37,2.79,2.491
2000-09-24,2.73,9.12,2.74,2.491
2000-09-25,0.35,10.96,2.69,2.397
2000-09-26,0.23,11.97,2.64,2.371
2000-09-27,0.96,14.46,2.59,1.77
2000-09-28,1.71,8.57,2.54,1.902
2000-09-29,0.09,13.63,2.49,1.708
2000-09-30,0.29,11.19,2.44,1.637
2000-10-01,4.97,9.07,2.39,1.965
2000-10-02,5.27,11.82,2.33,2.248
2000-10-03,0.04,11.15,2.28,1.927
2000-10-04,0.98,9.42,2.23,2.239
2000-10-05,0.18,10.62,2.18,2.088
2000-10-06,5.09,9.57,2.13,2.078
2000-10-07,1.01,10.43,2.08,1.769
2000-10-08,2.13,11.39,2.03,1.884
2000-10-09,0.04,13.1,1.97,1.871
2000-10-10,4.17,7.32,1.92,2.175
2000-10-11,0.03,13.92,1.87,2.138
2000-10-12,0.26,5.61,1.82,1.845
2000-10-13,0.18,9.08,1.77,1.799
2000-10-14,3.4,10.42,1.72,2.022
2000-10-15,0.27,9.67,1.67,1.762
2000-10-16,6.36,7.72,1.61,2.12
2000-10-17,0.35,8.42,1.56,2.014
2000-10-18,19.01,7.71,1.51,3.408
2000-10-19,0.01,7.38,1.46,3.241
2000-10-20,1.09,10.13,1.41,2.941
2000-10-21,1.47,9.01,1.36,2.713
2000-10-22,0.09,6.77,1.31,2.772
2000-10-23,4.82,9.82,1.26,1.852
2000-10-24,3.89,8.51,1.21,2.232
2000-10-25,0.28,9.38,1.16,2.06
2000-10-26,0.5,8.89,1.11,2.291
2000-10-27,1.77,5.84,1.06,2.295
2000-10-28,4.4,6.24,1.01,2.172
2000-10-29,8.64,8.73,0.96,2.538
2000-10-30,0.19,8.33,0.91,2.541
2000-10-31,4.38,6.94,0.87,2.606
2000-11-01,6.07,7.09,0.82,2.839
2000-11-02,0.49,9.28,0.77,2.694
2000-11-03,0.16,5.42,0.72,2.264
2000-11-04,0.25,7.57,0.68,2.195
2000-11-05,2.49,5.95,0.63,1.91
2000-11-06,1.08,5.8,0.59,1.688
2000-11-07,0.07,8.31,0.54,1.736
2000-11-08,4.78,7.64,0.5,2.013
2000-11-09,2.35,7.5,0.45,2.343
2000-11-10,7.33,8.37,0.41,2.298
2000-11-11,1.77,5.68,0.36,2.529
2000-11-12,3.35,6.89,0.32,2.824
2000-11-13,0.06,4.79,0.28,2.619
2000-11-14,0.27,5.95,0.24,2.226
2000-11-15,5.32,4.93,0.2,2.195
2000-11-16,3.29,5.27,0.15,2.294
2000-11-17,1.29,6.16,0.11,2.133
2000-11-18,1.23,3.23,0.07,2.174
2000-11-19,1.42,8.94,0.03,2.297
2000-11-20,0.73,2.64,0.0,1.724
2000-11-21,3.38,2.13,0.0,2.051
2000-11-22,0.1,6.77,0.0,1.924
2000-11-23,0.18,5.94,0.0,1.826
2000-11-24,1.22,5.51,0.0,2.041
2000-11-25,2.69,5.42,0.0,1.887
2000-11-26,0.81,4.05,0.0,1.76
2000-11-27,1.34,2.18,0.0,2.074
2000-11-28,2.54,4.04,0.0,1.933
2000-11-29,3.02,2.45,0.0,2.069
2000-11-30,3.15,5.67,0.0,2.137
2000-12-01,0.26,3.34,0.0,2.203
2000-12-02,0.4,1.9,0.0,2.083
2000-12-03,0.56,2.82,0.0,1.814
2000-12-04,3.3,4.22,0.0,1.907
2000-12-05,0.66,2.19,0.0,1.75
2000-12-06,0.02,1.59,0.0,1.789
2000-12-07,2.83,3.65,0.0,1.985
2000-12-08,7.67,3.58,0.0,2.411
2000-12-09,5.03,2.01,0.0,2.295
2000-12-10,0.51,2.02,0.0,2.57
2000-12-11,3.07,3.36,0.0,2.672
2000-12-12,0.12,-0.06,0.0,2.622
2000-12-13,1.36,-0.04,0.0,2.15
2000-12-14,1.91,1.28,0.0,2.028
2000-12-15,4.13,2.23,0.0,2.182
2000-12-16,0.59,3.23,0.0,2.121
2000-12-17,0.64,5.5,0.0,2.07
2000-12-18,4.42,4.22,0.0,2.192
2000-12-19,0.01,2.14,0.0,2.315
2000-12-20,3.96,2.38,0.0,2.166
2000-12-21,6.34,0.37,0.0,2.48
2000-12-22,8.04,2.29,0.0,2.739
2000-12-23,3.62,1.71,0.0,2.689
2000-12-24,0.1,2.9,0.0,2.853
2000-12-25,0.0,0.57,0.0,2.601
2000-12-26,0.68,3.23,0.0,2.185
2000-12-27,0.67,5.23,0.0,1.818
2000-12-28,4.32,1.92,0.0,2.005
2000-12-29,9.89,2.92,0.0,2.503
2000-12-30,3.18,3.47,0.0,2.51
2000-12-31,9.24,1.27,0.0,3.127
2001-01-01,0.07,2.52,0.0,3.022
2001-01-02,5.47,2.08,0.0,3.132
2001-01-03,2.29,2.23,0.0,2.674
2001-01-04,7.47,0.48,0.0,2.925
2001-01-05,0.05,2.07,0.0,2.295
2001-01-06,2.45,3.0,0.0,2.551
2001-01-07,0.1,4.91,0.0,2.186
2001-01-08,3.23,3.92,0.0,2.005
2001-01-09,8.6,6.31,0.0,2.571
2001-01-10,1.79,0.47,0.0,2.579
2001-01-11,0.76,3.75,0.0,2.331
2001-01-12,5.04,2.38,0.0,2.667
2001-01-13,9.4,6.4,0.0,2.918
2001-01-14,2.55,0.42,0.0,2.842
2001-01-15,2.4,0.37,0.0,2.899
2001-01-16,0.47,0.86,0.0,2.707
2001-01-17,0.12,-2.17,0.0,2.499
2001-01-18,1.61,1.05,0.0,1.947
2001-01-19,15.09,0.61,0.0,2.548
2001-01-20,4.44,2.45,0.0,2.763
2001-01-21,2.84,2.86,0.0,2.959
2001-01-22,0.53,5.96,0.0,2.925
2001-01-23,0.2,4.14,0.0,2.864
2001-01-24,1.57,1.12,0.0,2.066
2001-01-25,2.6,0.51,0.0,1.956
2001-01-26,0.38,3.33,0.0,1.822
2001-01-27,0.0,-0.25,0.0,1.679
2001-01-28,0.13,6.1,0.0,1.709
2001-01-29,5.79,4.84,0.0,1.906
2001-01-30,1.77,1.59,0.0,2.082
2001-01-31,12.63,-0.85,0.0,2.509
2001-02-01,0.09,5.34,0.0,2.84
2001-02-02,0.14,2.46,0.0,2.864
2001-02-03,1.74,5.22,0.0,2.452
2001-02-04,1.64,-0.39,0.0,2.214
2001-02-05,0.6,1.67,0.0,1.716
2001-02-06,1.23,2.94,0.0,1.815
2001-02-07,10.43,3.09,0.0,2.337
2001-02-08,2.56,2.16,0.0,2.436
2001-02-09,6.38,4.38,0.0,2.925
2001-02-10,2.85,1.07,0.0,2.973
2001-02-11,2.51,2.99,0.0,2.891
2001-02-12,0.14,3.59,0.0,2.207
2001-02-13,1.41,4.46,0.0,2.265
2001-02-14,0.15,4.93,0.0,1.902
2001-02-15,4.53,1.34,0.0,2.074
2001-02-16,0.08,0.6,0.0,1.825
2001-02-17,13.62,6.31,0.0,2.739
2001-02-18,3.34,4.51,0.0,2.997
2001-02-19,2.82,2.44,0.0,3.045
2001-02-20,2.56,7.13,0.0,2.84
2001-02-21,4.0,4.35,0.0,3.062
2001-02-22,1.88,6.57,0.0,2.34
2001-02-23,0.0,4.44,0.0,2.294
2001-02-24,0.66,8.53,0.0,1.983
2001-02-25,0.15,8.01,0.0,1.906
2001-02-26,0.85,4.11,0.0,1.718
2001-02-27,2.96,6.65,0.02,1.727
2001-02-28,3.46,6.1,0.05,1.848
2001-03-01,3.2,7.65,0.09,2.169
2001-03-02,0.69,3.09,0.13,2.163
2001-03-03,1.31,6.5,0.17,2.247
2001-03-04,6.09,7.36,0.22,2.332
2001-03-05,10.67,1.84,0.26,2.94
2001-03-06,0.74,3.1,0.3,2.582
2001-03-07,0.95,1.5,0.34,2.857
2001-03-08,3.58,5.16,0.39,2.647
2001-03-09,8.78,7.25,0.43,3.027
2001-03-10,2.8,8.94,0.47,2.559
2001-03-11,1.1,6.2,0.52,2.453
2001-03-12,3.16,9.43,0.56,2.708
2001-03-13,0.9,3.53,0.61,2.632
2001-03-14,3.28,3.01,0.66,1.953
2001-03-15,1.6,6.43,0.7,2.153
2001-03-16,0.01,7.43,0.75,1.788
2001-03-17,4.32,6.72,0.8,2.01
2001-03-18,0.6,2.78,0.84,2.252
2001-03-19,0.13,6.86,0.89,1.841
2001-03-20,0.69,4.56,0.94,1.728
2001-03-21,2.29,8.64,0.99,1.962
2001-03-22,0.96,8.16,1.04,1.987
2001-03-23,1.79,5.68,1.09,1.668
2001-03-24,1.87,6.66,1.13,1.851
2001-03-25,4.31,5.71,1.18,2.323
2001-03-26,1.19,7.83,1.23,2.293
2001-03-27,0.49,10.0,1.28,2.069
2001-03-28,0.04,6.25,1.33,1.85
2001-03-29,0.52,9.37,1.38,2.103
2001-03-30,1.86,7.43,1.44,1.905
2001-03-31,2.02,7.04,1.49,1.864
2001-04-01,1.18,8.55,1.54,1.756
2001-04-02,1.4,6.83,1.59,1.914
2001-04-03,2.36,7.93,1.64,2.013
2001-04-04,2.32,6.78,1.69,2.09
2001-04-05,1.31,13.24,1.74,2.159
2001-04-06,0.38,9.52,1.79,2.054
2001-04-07,9.01,8.19,1.85,2.315
2001-04-08,1.63,10.15,1.9,2.517
2001-04-09,0.15,9.64,1.95,2.28
2001-04-10,0.14,9.56,2.0,2.247
2001-04-11,0.51,11.37,2.05,2.333
2001-04-12,1.21,11.79,2.1,1.607
2001-04-13,1.31,9.35,2.15,1.696
2001-04-14,1.96,9.4,2.21,1.755
2001-04-15,0.53,10.14,2.26,1.674
2001-04-16,3.92,6.22,2.31,2.07
2001-04-17,1.43,7.93,2.36,2.3
2001-04-18,1.84,13.83,2.41,1.897
2001-04-19,5.25,14.52,2.46,2.275
2001-04-20,1.8,10.87,2.51,2.418
2001-04-21,0.28,12.66,2.56,2.148
2001-04-22,5.95,12.26,2.62,2.396
2001-04-23,5.7,17.93,2.67,2.509
2001-04-24,0.04,14.15,2.72,2.349
2001-04-25,1.07,11.79,2.77,2.207
2001-04-26,2.14,10.26,2.82,2.175
2001-04-27,0.01,9.09,2.87,2.157
2001-04-28,2.7,12.85,2.91,1.953
2001-04-29,2.74,11.06,2.96,2.025
2001-04-30,0.53,9.86,3.01,2.01
2001-05-01,4.41,11.54,3.06,2.231
2001-05-02,0.29,10.79,3.11,2.163
2001-05-03,0.0,16.46,3.16,2.069
2001-05-04,2.51,14.98,3.2,1.935
2001-05-05,3.21,13.32,3.25,2.256
2001-05-06,3.23,16.42,3.3,2.086
2001-05-07,3.39,13.74,3.34,2.26
2001-05-08,2.28,11.99,3.39,2.25
2001-05-09,5.21,16.88,3.44,2.568
2001-05-10,0.07,15.03,3.48,2.268
2001-05-11,0.05,11.99,3.53,2.096
2001-05-12,4.24,13.81,3.57,2.129
2001-05-13,0.05,12.55,3.61,1.971
2001-05-14,1.3,11.65,3.66,2.055
2001-05-15,0.05,16.39,3.7,1.975
2001-05-16,3.89,18.47,3.74,2.264
2001-05-17,0.02,11.96,3.78,1.696
2001-05-18,0.79,15.99,3.83,1.87
2001-05-19,0.31,13.68,3.87,1.674
2001-05-20,3.97,14.11,3.91,1.969
2001-05-21,0.78,14.0,3.95,1.76
2001-05-22,0.53,13.57,3.98,2.007
2001-05-23,0.29,15.49,4.02,1.813
2001-05-24,0.63,13.83,4.06,1.979
2001-05-25,0.1,16.14,4.1,1.7
2001-05-26,1.13,15.59,4.13,1.891
2001-05-27,1.55,15.31,4.17,1.574
2001-05-28,0.04,14.07,4.21,1.833
2001-05-29,0.32,14.82,4.24,1.803
2001-05-30,4.13,17.58,4.27,1.833
2001-05-31,1.33,17.16,4.31,2.043
2001-06-01,0.13,14.29,4.34,1.891
2001-06-02,0.38,16.53,4.37,1.855
2001-06-03,0.4,17.91,4.4,1.8
2001-06-04,1.76,13.15,4.43,1.668
2001-06-05,2.85,17.66,4.46,2.036
2001-06-06,0.0,15.32,4.49,1.823
2001-06-07,0.02,17.87,4.52,1.88
2001-06-08,2.36,15.27,4.55,1.84
2001-06-09,0.31,13.26,4.58,1.754
2001-06-10,0.58,13.68,4.6,1.804
2001-06-11,4.31,17.1,4.63,1.82
2001-06-12,3.3,17.59,4.65,2.11
2001-06-13,0.78,15.33,4.68,2.06
2001-06-14,0.62,18.47,4.7,2.087
2001-06-15,0.06,13.93,4.72,2.026
2001-06-16,0.98,17.18,4.74,1.884
2001-06-17,1.68,14.95,4.76,1.816
2001-06-18,0.0,16.12,4.78,1.774
2001-06-19,2.3,17.57,4.8,1.703
2001-06-20,10.68,15.8,4.82,2.41
2001-06-21,8.84,16.8,4.84,3.029
2001-06-22,3.06,19.62,4.85,3.082
2001-06-23,0.02,16.5,4.87,2.857
2001-06-24,9.35,19.36,4.88,3.452
2001-06-25,0.74,15.47,4.9,2.623
2001-06-26,0.22,18.82,4.91,2.308
2001-06-27,2.81,20.68,4.92,2.478
2001-06-28,3.62,12.88,4.93,2.41
2001-06-29,0.22,16.26,4.94,1.873
2001-06-30,0.85,19.03,4.95,2.04
2001-07-01,0.23,17.49,4.96,1.81
2001-07-02,1.44,18.66,4.97,1.818
2001-07-03,0.11,16.73,4.98,1.731
2001-07-04,2.43,18.13,4.98,1.74
2001-07-05,1.65,17.66,4.99,1.828
2001-07-06,2.17,20.31,4.99,2.042
2001-07-07,5.15,18.5,5.0,2.233
2001-07-08,0.07,18.67,5.0,2.215
2001-07-09,0.32,17.17,5.0,2.028
2001-07-10,0.0,17.02,5.0,2.0
2001-07-11,0.09,17.13,5.0,1.825
2001-07-12,0.9,18.79,5.0,1.629
2001-07-13,1.04,17.15,5.0,1.591
2001-07-14,0.0,18.56,4.99,1.604
2001-07-15,9.59,22.12,4.99,2.098
2001-07-16,1.84,19.7,4.99,2.299
2001-07-17,2.75,17.29,4.98,2.332
2001-07-18,0.99,20.33,4.97,2.299
2001-07-19,2.7,17.09,4.97,2.598
2001-07-20,0.08,13.81,4.96,2.023
2001-07-21,0.0,15.85,4.95,1.969
2001-07-22,2.73,14.1,4.94,1.847
2001-07-23,0.48,17.11,4.93,1.9
2001-07-24,0.0,17.81,4.92,1.752
2001-07-25,1.61,21.1,4.9,1.834
2001-07-26,5.3,18.36,4.89,2.025
2001-07-27,2.81,17.23,4.88,2.127
2001-07-28,0.6,19.29,4.86,2.156
2001-07-29,0.03,13.16,4.85,2.122
2001-07-30,0.27,18.01,4.83,1.832
2001-07-31,2.43,19.04,4.81,1.884
2001-08-01,0.02,14.49,4.79,1.922
2001-08-02,7.54,19.68,4.77,2.081
2001-08-03,0.52,18.02,4.75,2.074
2001-08-04,0.19,16.45,4.73,2.179
2001-08-05,1.47,18.49,4.71,2.116
2001-08-06,1.24,21.71,4.69,2.277
2001-08-07,3.27,17.47,4.66,1.776
2001-08-08,0.58,17.54,4.64,1.978
2001-08-09,0.3,16.05,4.62,1.971
2001-08-10,6.13,15.21,4.59,2.177
2001-08-11,0.82,18.5,4.56,2.2
2001-08-12,2.09,15.05,4.54,2.198
2001-08-13,1.54,16.83,4.51,2.24
2001-08-14,0.1,15.66,4.48,2.026
2001-08-15,1.04,17.49,4.45,1.917
2001-08-16,0.93,17.12,4.42,1.836
2001-08-17,0.04,18.44,4.39,1.726
2001-08-18,3.28,15.27,4.36,1.831
2001-08-19,1.12,15.66,4.32,1.87
2001-08-20,0.02,14.15,4.29,1.943
2001-08-21,0.76,15.13,4.26,1.805
2001-08-22,0.02,16.68,4.22,1.7
2001-08-23,13.25,17.35,4.19,2.371
2001-08-24,4.23,13.9,4.15,2.615
2001-08-25,8.63,17.38,4.12,3.236
2001-08-26,2.2,18.26,4.08,3.26
2001-08-27,1.26,16.27,4.04,3.189
2001-08-28,0.75,19.1,4.0,2.773
2001-08-29,0.04,13.69,3.97,2.299
2001-08-30,3.18,12.65,3.93,2.073
2001-08-31,8.14,11.47,3.89,2.287
2001-09-01,1.07,17.91,3.85,2.344
2001-09-02,2.74,16.12,3.8,2.494
2001-09-03,0.9,14.59,3.76,2.584
2001-09-04,0.3,15.15,3.72,2.395
2001-09-05,1.91,12.23,3.68,2.002
2001-09-06,1.29,19.25,3.64,1.897
2001-09-07,0.0,14.5,3.59,1.707
2001-09-08,7.2,14.35,3.55,2.175
2001-09-09,1.71,15.46,3.5,2.32
2001-09-10,0.47,14.85,3.46,2.118
2001-09-11,2.53,14.22,3.41,2.321
2001-09-12,0.95,12.07,3.37,2.417
2001-09-13,0.09,14.47,3.32,1.753
2001-09-14,0.69,17.16,3.28,1.7
2001-09-15,2.96,15.97,3.23,1.919
2001-09-16,0.68,16.34,3.18,1.853
2001-09-17,7.07,12.0,3.13,2.137
2001-09-18,1.43,10.91,3.09,2.405
2001-09-19,3.4,12.51,3.04,2.475
2001-09-20,1.37,12.75,2.99,2.341
2001-09-21,1.98,14.69,2.94,2.271
2001-09-22,0.21,8.99,2.89,1.872
2001-09-23,0.07,15.3,2.84,1.95
2001-09-24,0.01,11.79,2.79,1.505
2001-09-25,5.24,11.12,2.74,2.052
2001-09-26,9.85,9.82,2.69,2.407
2001-09-27,0.86,8.4,2.64,2.786
2001-09-28,1.19,13.22,2.59,2.76
2001-09-29,0.42,11.58,2.54,2.535
2001-09-30,6.36,8.72,2.49,2.61
2001-10-01,6.33,8.58,2.44,2.509
2001-10-02,3.52,10.36,2.39,2.74
2001-10-03,1.13,14.23,2.33,2.402
2001-10-04,1.64,10.24,2.28,2.46
2001-10-05,0.56,7.61,2.23,2.229
2001-10-06,0.26,9.99,2.18,1.985
2001-10-07,0.04,9.8,2.13,1.767
2001-10-08,1.21,4.81,2.08,1.83
2001-10-09,4.21,9.96,2.03,1.757
2001-10-10,0.58,9.47,1.97,1.646
2001-10-11,3.54,11.19,1.92,2.161
2001-10-12,0.16,13.35,1.87,1.999
2001-10-13,1.41,11.77,1.82,1.892
2001-10-14,0.12,8.84,1.77,1.863
2001-10-15,0.0,7.03,1.72,1.893
2001-10-16,0.52,14.25,1.67,1.62
2001-10-17,3.05,9.09,1.61,1.76
2001-10-18,0.32,8.86,1.56,1.725
2001-10-19,3.25,8.65,1.51,1.891
2001-10-20,0.92,8.96,1.46,1.849
2001-10-21,0.6,8.14,1.41,1.917
2001-10-22,4.65,7.14,1.36,2.137
2001-10-23,0.75,7.06,1.31,2.142
2001-10-24,4.47,7.96,1.26,2.2
2001-10-25,3.54,6.8,1.21,2.241
2001-10-26,1.84,6.33,1.16,2.397
2001-10-27,0.06,7.84,1.11,1.922
2001-10-28,2.98,6.99,1.06,2.291
2001-10-29,4.07,10.37,1.01,2.392
2001-10-30,0.45,1.93,0.96,1.917
2001-10-31,0.54,9.29,0.91,1.927
2001-11-01,3.75,9.47,0.87,2.24
2001-11-02,1.41,2.7,0.82,2.238
2001-11-03,0.79,6.04,0.77,1.872
2001-11-04,5.24,5.86,0.72,2.135
2001-11-05,3.16,3.66,0.68,2.164
2001-11-06,9.36,4.8,0.63,2.708
2001-11-07,3.39,4.01,0.59,3.021
2001-11-08,0.49,9.61,0.54,2.826
2001-11-09,0.28,7.86,0.5,2.499
2001-11-10,0.69,8.41,0.45,2.385
2001-11-11,6.32,7.2,0.41,2.169
2001-11-12,3.45,3.38,0.36,2.092
2001-11-13,12.19,4.47,0.32,2.958
2001-11-14,4.51,6.39,0.28,3.152
2001-11-15,3.17,2.85,0.24,3.28
2001-11-16,1.12,6.61,0.2,2.869
2001-11-17,3.22,4.6,0.15,3.083
2001-11-18,1.73,4.22,0.11,2.391
2001-11-19,0.03,6.29,0.07,2.001
2001-11-20,3.45,5.65,0.03,2.173
2001-11-21,0.26,3.93,0.0,1.972
2001-11-22,1.8,6.87,0.0,1.858
2001-11-23,0.15,2.29,0.0,1.765
2001-11-24,0.21,5.59,0.0,1.675
2001-11-25,0.58,5.44,0.0,1.727
2001-11-26,2.93,3.54,0.0,1.657
2001-11-27,0.46,4.72,0.0,1.637
2001-11-28,1.99,1.48,0.0,1.663
2001-11-29,2.98,5.74,0.0,2.028
2001-11-30,1.83,3.43,0.0,2.096
2001-12-01,0.65,2.67,0.0,1.942
2001-12-02,2.45,5.73,0.0,1.99
2001-12-03,3.85,2.14,0.0,2.088
2001-12-04,0.05,0.65,0.0,2.076
2001-12-05,0.59,0.28,0.0,1.9
2001-12-06,3.2,4.52,0.0,2.14
2001-12-07,0.04,0.68,0.0,1.875
2001-12-08,13.1,6.68,0.0,2.537
2001-12-09,3.05,-1.07,0.0,2.829
2001-12-10,0.33,6.42,0.0,2.742
2001-12-11,4.27,3.38,0.0,2.706
2001-12-12,0.57,2.7,0.0,2.805
2001-12-13,1.21,1.74,0.0,2.042
2001-12-14,0.05,3.57,0.0,1.887
2001-12-15,0.28,2.64,0.0,1.85
2001-12-16,0.13,4.87,0.0,1.618
2001-12-17,4.11,2.83,0.0,1.868
2001-12-18,1.18,2.85,0.0,1.746
2001-12-19,1.06,1.78,0.0,1.804
2001-12-20,0.35,2.34,0.0,1.771
2001-12-21,0.56,3.03,0.0,1.776
2001-12-22,2.99,-1.05,0.0,1.747
2001-12-23,2.43,-0.37,0.0,1.959
2001-12-24,0.07,3.78,0.0,1.795
2001-12-25,2.4,2.6,0.0,2.058
2001-12-26,2.92,1.86,0.0,2.152
2001-12-27,0.0,2.23,0.0,1.772
2001-12-28,0.5,2.86,0.0,1.919
2001-12-29,3.7,1.06,0.0,2.152
2001-12-30,0.73,0.56,0.0,1.872
2001-12-31,2.41,2.48,0.0,1.982
2002-01-01,0.23,0.11,0.0,1.869
2002-01-02,4.23,2.87,0.0,2.188
2002-01-03,0.36,-1.37,0.0,1.851
2002-01-04,3.66,4.09,0.0,1.974
2002-01-05,2.3,2.96,0.0,2.109
2002-01-06,1.37,2.52,0.0,2.203
2002-01-07,1.11,3.97,0.0,1.988
2002-01-08,0.32,5.33,0.0,1.907
2002-01-09,0.0,4.03,0.0,1.766
2002-01-10,0.1,-1.68,0.0,1.701
2002-01-11,10.93,-0.55,0.0,2.243
2002-01-12,0.54,0.76,0.0,2.232
2002-01-13,2.38,2.07,0.0,2.27
2002-01-14,2.87,3.07,0.0,2.626
2002-01-15,3.91,0.59,0.0,2.62
2002-01-16,0.35,2.44,0.0,2.152
2002-01-17,4.34,0.57,0.0,2.449
2002-01-18,0.51,0.88,0.0,2.267
2002-01-19,0.59,-0.69,0.0,2.062
2002-01-20,0.05,0.3,0.0,1.798
2002-01-21,4.24,-0.53,0.0,2.187
2002-01-22,3.32,0.26,0.0,1.88
2002-01-23,15.27,4.35,0.0,2.811
2002-01-24,5.86,0.38,0.0,3.185
2002-01-25,12.75,7.58,0.0,4.11
2002-01-26,0.36,3.34,0.0,3.792
2002-01-27,4.43,2.76,0.0,3.723
2002-01-28,1.0,0.72,0.0,2.933
2002-01-29,2.35,3.88,0.0,2.692
2002-01-30,0.58,1.38,0.0,1.952
2002-01-31,9.63,2.82,0.0,2.677
2002-02-01,5.39,7.75,0.0,2.5
2002-02-02,2.8,2.49,0.0,2.906
2002-02-03,3.78,5.04,0.0,2.914
2002-02-04,1.34,1.4,0.0,2.985
2002-02-05,6.43,2.79,0.0,2.638
2002-02-06,0.7,6.47,0.0,2.388
2002-02-07,0.04,1.74,0.0,2.094
2002-02-08,4.84,6.69,0.0,2.249
2002-02-09,3.07,4.55,0.0,2.454
2002-02-10,0.24,2.08,0.0,2.163
2002-02-11,0.06,4.54,0.0,1.884
2002-02-12,3.18,5.3,0.0,2.147
2002-02-13,6.06,4.67,0.0,2.241
2002-02-14,0.13,0.37,0.0,1.941
2002-02-15,0.73,2.13,0.0,2.169
2002-02-16,1.77,3.18,0.0,2.14
2002-02-17,0.92,3.61,0.0,2.057
2002-02-18,6.46,5.09,0.0,2.055
2002-02-19,0.72,4.29,0.0,2.057
2002-02-20,0.9,1.35,0.0,2.145
2002-02-21,13.45,4.88,0.0,2.825
2002-02-22,0.11,5.43,0.0,2.761
2002-02-23,2.03,5.43,0.0,2.46
2002-02-24,0.33,6.57,0.0,2.541
2002-02-25,3.27,6.17,0.0,2.817
2002-02-26,7.48,5.52,0.0,2.307
2002-02-27,1.28,4.57,0.02,2.463
2002-02-28,0.24,1.49,0.05,2.117
2002-03-01,0.29,5.78,0.09,2.269
2002-03-02,0.43,5.44,0.13,1.973
2002-03-03,3.83,5.68,0.17,1.717
2002-03-04,1.71,2.69,0.22,1.816
2002-03-05,0.08,3.19,0.26,2.0
2002-03-06,0.25,7.57,0.3,1.973
2002-03-07,0.46,5.5,0.34,1.904
2002-03-08,0.12,7.06,0.39,1.504
2002-03-09,1.72,5.87,0.43,1.638
2002-03-10,1.02,5.99,0.47,1.744
2002-03-11,0.39,7.93,0.52,1.74
2002-03-12,2.48,5.14,0.56,1.659
2002-03-13,1.12,6.48,0.61,1.815
2002-03-14,1.84,5.49,0.66,1.905
2002-03-15,3.46,5.67,0.7,2.111
2002-03-16,1.56,6.04,0.75,1.908
2002-03-17,7.6,7.23,0.8,2.419
2002-03-18,1.76,5.96,0.84,2.488
2002-03-19,2.33,9.55,0.89,2.588
2002-03-20,3.27,5.38,0.94,2.56
2002-03-21,0.99,6.93,0.99,2.515
2002-03-22,0.33,6.55,1.04,1.941
2002-03-23,4.99,10.45,1.09,2.024
2002-03-24,1.37,8.09,1.13,2.118
2002-03-25,2.49,9.89,1.18,2.21
2002-03-26,3.64,4.99,1.23,2.409
2002-03-27,6.08,8.62,1.28,2.685
2002-03-28,6.28,10.0,1.33,2.735
2002-03-29,0.74,8.52,1.38,2.692
2002-03-30,1.22,10.63,1.44,2.522
2002-03-31,6.61,7.6,1.49,2.743
2002-04-01,0.93,11.58,1.54,2.614
2002-04-02,8.73,13.5,1.59,2.5
2002-04-03,0.05,8.31,1.64,2.714
2002-04-04,0.93,8.28,1.69,2.503
2002-04-05,2.58,12.22,1.74,2.426
2002-04-06,0.87,12.61,1.79,2.149
2002-04-07,1.1,8.54,1.85,1.89
2002-04-08,1.8,8.88,1.9,1.863
2002-04-09,0.35,9.3,1.95,1.76
2002-04-10,0.83,7.31,2.0,1.819
2002-04-11,3.39,8.3,2.05,2.049
2002-04-12,0.34,8.27,2.1,1.818
2002-04-13,4.83,8.88,2.15,1.934
2002-04-14,4.04,10.48,2.21,2.297
2002-04-15,4.31,11.16,2.26,2.506
2002-04-16,4.73,13.93,2.31,2.65
2002-04-17,0.16,8.96,2.36,2.679
2002-04-18,2.18,13.07,2.41,2.419
2002-04-19,0.22,10.81,2.46,2.382
2002-04-20,7.45,11.27,2.51,2.407
2002-04-21,8.37,12.86,2.56,2.568
2002-04-22,1.95,9.4,2.62,2.549
2002-04-23,7.28,12.54,2.67,2.99
2002-04-24,2.22,12.24,2.72,3.103
2002-04-25,1.19,13.03,2.77,2.857
2002-04-26,0.46,12.75,2.82,2.332
2002-04-27,0.58,17.22,2.87,2.086
2002-04-28,0.31,11.16,2.91,1.803
2002-04-29,8.01,11.51,2.96,2.2
2002-04-30,0.24,11.45,3.01,2.229
2002-05-01,2.75,11.72,3.06,2.302
2002-05-02,4.78,11.68,3.11,2.541
2002-05-03,4.2,15.46,3.16,2.705
2002-05-04,2.67,16.05,3.2,2.417
2002-05-05,9.98,12.2,3.25,3.088
2002-05-06,0.59,11.8,3.3,2.7
2002-05-07,0.24,14.53,3.34,2.526
2002-05-08,0.3,12.6,3.39,2.25
2002-05-09,0.41,15.1,3.44,2.229
2002-05-10,4.43,14.36,3.48,1.981
2002-05-11,3.43,11.04,3.53,1.969
2002-05-12,0.06,17.28,3.57,1.779
2002-05-13,0.7,17.9,3.61,2.001
2002-05-14,0.01,13.19,3.66,2.109
2002-05-15,0.01,13.76,3.7,1.806
2002-05-16,0.34,15.22,3.74,1.61
2002-05-17,0.02,15.43,3.78,1.537
2002-05-18,0.55,16.18,3.83,1.428
2002-05-19,6.31,19.0,3.87,1.985
2002-05-20,6.82,14.73,3.91,2.259
2002-05-21,4.39,13.59,3.95,2.804
2002-05-22,0.35,12.53,3.98,2.662
2002-05-23,0.04,13.93,4.02,2.517
2002-05-24,3.03,15.43,4.06,2.317
2002-05-25,5.11,19.18,4.1,2.266
2002-05-26,0.01,14.66,4.13,1.988
2002-05-27,3.49,16.24,4.17,2.312
2002-05-28,0.49,15.85,4.21,2.246
2002-05-29,3.16,18.35,4.24,2.162
2002-05-30,3.12,21.12,4.27,2.305
2002-05-31,4.42,15.09,4.31,2.386
2002-06-01,1.38,15.26,4.34,2.331
2002-06-02,5.08,18.42,4.37,2.469
2002-06-03,1.47,17.77,4.4,2.465
2002-06-04,2.97,20.19,4.43,2.45
2002-06-05,2.4,17.74,4.46,2.109
2002-06-06,0.28,15.93,4.49,2.434
2002-06-07,7.62,17.91,4.52,2.513
2002-06-08,0.54,19.02,4.55,2.289
2002-06-09,0.24,18.51,4.58,2.055
2002-06-10,3.58,17.95,4.6,2.27
2002-06-11,0.86,19.14,4.63,2.279
2002-06-12,2.05,19.41,4.65,1.972
2002-06-13,1.02,19.9,4.68,1.984
2002-06-14,2.2,18.49,4.7,2.133
2002-06-15,0.36,16.92,4.72,2.034
2002-06-16,1.71,17.61,4.74,1.997
2002-06-17,0.18,19.78,4.76,1.723
2002-06-18,0.84,15.79,4.78,1.954
2002-06-19,4.05,18.21,4.8,2.092
2002-06-20,0.0,16.73,4.82,2.222
2002-06-21,1.51,17.62,4.84,1.782
2002-06-22,4.01,20.17,4.85,2.149
2002-06-23,9.86,18.03,4.87,2.458
2002-06-24,0.93,17.78,4.88,2.534
2002-06-25,0.13,15.01,4.9,2.432
2002-06-26,0.35,19.25,4.91,2.609
2002-06-27,1.33,19.08,4.92,2.179
2002-06-28,0.01,22.15,4.93,1.496
2002-06-29,0.05,17.23,4.94,1.565
2002-06-30,4.96,18.31,4.95,1.704
2002-07-01,1.77,18.4,4.96,2.062
2002-07-02,4.44,21.07,4.97,1.967
2002-07-03,0.19,17.75,4.98,2.187
2002-07-04,0.36,18.51,4.98,1.995
2002-07-05,5.43,19.18,4.99,2.199
2002-07-06,4.02,18.35,4.99,2.531
2002-07-07,11.65,17.09,5.0,2.835
2002-07-08,4.12,18.38,5.0,2.948
2002-07-09,0.05,20.15,5.0,3.013
2002-07-10,0.03,15.95,5.0,2.694
2002-07-11,0.24,18.27,5.0,2.513
2002-07-12,0.14,16.6,5.0,1.638
2002-07-13,11.07,20.38,5.0,2.251
2002-07-14,0.34,14.94,4.99,1.939
2002-07-15,0.44,16.86,4.99,2.171
2002-07-16,0.25,18.72,4.99,2.186
2002-07-17,0.29,21.08,4.98,2.307
2002-07-18,1.81,17.8,4.97,1.69
2002-07-19,0.21,16.8,4.97,1.539
2002-07-20,0.11,21.65,4.96,1.562
2002-07-21,4.31,14.97,4.95,1.924
2002-07-22,0.04,13.44,4.94,1.881
2002-07-23,0.38,18.69,4.93,1.745
2002-07-24,3.14,16.77,4.92,1.931
2002-07-25,1.25,15.7,4.9,2.117
2002-07-26,0.11,19.12,4.89,1.743
2002-07-27,0.32,18.16,4.88,1.803
2002-07-28,0.04,16.5,4.86,2.009
2002-07-29,0.39,15.03,4.85,1.484
2002-07-30,0.02,19.29,4.83,1.368
2002-07-31,0.77,18.8,4.81,1.671
2002-08-01,1.22,17.25,4.79,1.579
2002-08-02,2.78,21.09,4.77,1.779
2002-08-03,0.41,15.2,4.75,1.734
2002-08-04,3.77,14.23,4.73,2.011
2002-08-05,5.02,15.84,4.71,2.452
2002-08-06,0.18,17.08,4.69,2.31
2002-08-07,2.39,17.59,4.66,2.292
2002-08-08,0.86,16.56,4.64,2.092
2002-08-09,0.52,17.68,4.62,1.923
2002-08-10,0.63,14.4,4.59,1.491
2002-08-11,0.77,19.72,4.56,1.729
2002-08-12,0.09,16.6,4.54,1.768
2002-08-13,1.2,18.92,4.51,1.744
2002-08-14,0.89,17.3,4.48,1.693
2002-08-15,0.25,17.45,4.45,1.69
2002-08-16,0.55,17.59,4.42,1.61
2002-08-17,0.11,17.26,4.39,1.7
2002-08-18,0.17,17.57,4.36,1.695
2002-08-19,0.23,18.86,4.32,1.417
2002-08-20,3.61,16.5,4.29,1.81
2002-08-21,6.79,17.44,4.26,2.248
2002-08-22,1.25,15.75,4.22,2.181
2002-08-23,0.57,18.72,4.19,2.317
2002-08-24,1.19,14.39,4.15,2.586
2002-08-25,3.17,19.25,4.12,2.268
2002-08-26,1.88,15.47,4.08,2.023
2002-08-27,0.23,12.58,4.04,1.849
2002-08-28,0.29,15.6,4.0,1.924
2002-08-29,0.0,13.88,3.97,1.88
2002-08-30,3.18,16.82,3.93,1.854
2002-08-31,2.64,13.72,3.89,1.778
2002-09-01,0.83,14.03,3.85,1.937
2002-09-02,0.06,11.03,3.8,2.049
2002-09-03,0.39,13.8,3.76,1.971
2002-09-04,0.28,9.74,3.72,1.848
2002-09-05,0.88,11.31,3.68,1.623
2002-09-06,2.83,15.88,3.64,1.841
2002-09-07,0.95,15.82,3.59,1.848
2002-09-08,1.47,14.98,3.55,1.79
2002-09-09,2.98,12.08,3.5,2.078
2002-09-10,3.94,13.79,3.46,2.131
2002-09-11,0.01,13.76,3.41,1.998
2002-09-12,0.52,11.33,3.37,2.054
2002-09-13,1.61,16.53,3.32,2.073
2002-09-14,1.08,15.15,3.28,1.811
2002-09-15,0.02,12.83,3.23,1.8
2002-09-16,1.28,13.2,3.18,1.828
2002-09-17,4.33,13.44,3.13,1.929
2002-09-18,0.01,8.81,3.09,1.749
2002-09-19,2.58,12.27,3.04,1.979
2002-09-20,1.63,11.27,2.99,2.045
2002-09-21,0.18,10.5,2.94,2.035
2002-09-22,3.68,11.81,2.89,1.948
2002-09-23,2.94,15.84,2.84,1.96
2002-09-24,3.26,13.39,2.79,2.163
2002-09-25,2.19,10.83,2.74,2.204
2002-09-26,8.06,12.99,2.69,2.771
2002-09-27,0.04,14.51,2.64,2.42
2002-09-28,4.3,13.42,2.59,2.739
2002-09-29,3.38,11.56,2.54,2.387
2002-09-30,11.43,10.01,2.49,3.264
2002-10-01,8.57,12.56,2.44,3.141
2002-10-02,1.75,11.82,2.39,3.352
2002-10-03,0.52,12.68,2.33,3.047
2002-10-04,9.93,12.03,2.28,3.546
2002-10-05,2.98,12.72,2.23,2.886
2002-10-06,0.43,9.41,2.18,2.327
2002-10-07,0.0,12.98,2.13,2.474
2002-10-08,2.64,10.6,2.08,2.447
2002-10-09,0.94,14.22,2.03,1.942
2002-10-10,0.62,8.55,1.97,1.901
2002-10-11,0.71,13.27,1.92,1.691
2002-10-12,0.04,10.05,1.87,1.857
2002-10-13,0.18,8.22,1.82,1.59
2002-10-14,0.16,8.41,1.77,1.589
2002-10-15,0.99,8.6,1.72,1.632
2002-10-16,0.37,9.96,1.67,1.454
2002-10-17,2.32,10.02,1.61,1.663
2002-10-18,3.41,7.69,1.56,2.07
2002-10-19,7.55,8.65,1.51,2.467
2002-10-20,3.49,12.85,1.46,2.522
2002-10-21,0.0,11.88,1.41,2.531
2002-10-22,2.4,9.16,1.36,2.482
2002-10-23,0.86,8.23,1.31,2.494
2002-10-24,7.31,8.26,1.26,2.324
2002-10-25,0.57,9.12,1.21,2.192
2002-10-26,0.45,5.71,1.16,2.31
2002-10-27,0.24,7.11,1.11,1.988
2002-10-28,0.99,4.16,1.06,2.229
2002-10-29,0.12,8.16,1.01,1.489
2002-10-30,1.49,8.53,0.96,1.86
2002-10-31,1.29,6.14,0.91,1.711
2002-11-01,1.94,10.13,0.87,1.826
2002-11-02,0.2,4.4,0.82,1.613
2002-11-03,1.62,3.8,0.77,1.847
2002-11-04,0.7,7.05,0.72,1.741
2002-11-05,2.52,8.57,0.68,1.858
2002-11-06,5.12,9.72,0.63,2.096
2002-11-07,2.53,5.31,0.59,2.345
2002-11-08,0.92,8.27,0.54,2.228
2002-11-09,0.0,5.91,0.5,2.196
2002-11-10,4.74,5.53,0.45,2.189
2002-11-11,1.89,7.52,0.41,2.017
2002-11-12,0.12,6.94,0.36,2.14
2002-11-13,2.04,2.37,0.32,1.954
2002-11-14,0.01,8.36,0.28,2.194
2002-11-15,0.23,8.06,0.24,1.733
2002-11-16,0.58,3.94,0.2,1.679
2002-11-17,5.33,5.87,0.15,2.098
2002-11-18,0.47,5.96,0.11,2.024
2002-11-19,1.1,5.38,0.07,1.952
2002-11-20,0.03,3.66,0.03,1.912
2002-11-21,3.1,3.31,0.0,2.096
2002-11-22,0.38,4.5,0.0,1.839
2002-11-23,0.46,6.8,0.0,1.893
2002-11-24,0.83,5.44,0.0,1.788
2002-11-25,5.56,3.52,0.0,2.182
2002-11-26,0.8,5.71,0.0,2.146
2002-11-27,5.21,-1.63,0.0,2.31
2002-11-28,0.34,6.28,0.0,2.296
2002-11-29,1.32,0.41,0.0,2.142
2002-11-30,6.29,3.08,0.0,2.075
2002-12-01,0.94,1.48,0.0,2.385
2002-12-02,5.8,1.04,0.0,2.372
2002-12-03,1.3,5.87,0.0,2.388
2002-12-04,11.7,2.53,0.0,3.086
2002-12-05,1.4,4.08,0.0,2.762
2002-12-06,0.23,3.22,0.0,2.839
2002-12-07,18.06,4.19,0.0,3.47
2002-12-08,3.63,3.32,0.0,3.527
2002-12-09,2.42,0.53,0.0,3.143
2002-12-10,2.95,5.02,0.0,3.116
2002-12-11,0.86,1.97,0.0,3.228
2002-12-12,1.07,-0.22,0.0,2.108
2002-12-13,5.75,1.98,0.0,2.218
2002-12-14,0.95,5.77,0.0,2.203
2002-12-15,0.12,4.42,0.0,2.026
2002-12-16,1.13,1.96,0.0,2.089
2002-12-17,2.96,1.91,0.0,2.128
2002-12-18,0.23,1.91,0.0,1.64
2002-12-19,0.03,6.66,0.0,1.725
2002-12-20,0.25,3.22,0.0,1.855
2002-12-21,2.02,3.27,0.0,1.8
2002-12-22,1.64,4.43,0.0,1.726
2002-12-23,8.73,2.81,0.0,2.359
2002-12-24,10.77,1.77,0.0,2.833
2002-12-25,2.7,1.86,0.0,2.897
2002-12-26,4.47,2.08,0.0,3.183
2002-12-27,3.28,2.12,0.0,3.249
2002-12-28,4.1,3.62,0.0,2.923
2002-12-29,0.21,2.24,0.0,2.368
2002-12-30,1.93,3.58,0.0,2.389
